id,product_id,type,value,label,is_available
4e6a3a75-1577-448e-b594-400aa156e40c,d69f2878-5a90-4fac-b137-bea0c346c64f,size,36,36,true
c687da8e-934e-4356-91fa-7fe0372d75ae,d69f2878-5a90-4fac-b137-bea0c346c64f,size,38,38,true
772aa229-48bf-4025-93dc-acbf00456bcf,d69f2878-5a90-4fac-b137-bea0c346c64f,size,40,40,true
e00b2c6f-421d-4520-bcde-9d96504d7c28,d69f2878-5a90-4fac-b137-bea0c346c64f,size,42,42,true
5433dfdd-13f4-471a-83c3-c667844643bc,d69f2878-5a90-4fac-b137-bea0c346c64f,size,44,44,true
6a3580ce-4d1a-4ec3-a6a1-db04b79d9b7e,d69f2878-5a90-4fac-b137-bea0c346c64f,size,46,46,true
4b415c73-2834-4f54-9ec4-079ac395068b,d69f2878-5a90-4fac-b137-bea0c346c64f,size,48,48,true
f4f4b22d-b926-4328-8d34-3c22676942fd,f269bfe5-55b6-48f1-bd58-e83869d14d81,color,#F0EBE0,Ivoire,true
61a08526-d807-4997-a899-457233fa9c7e,f269bfe5-55b6-48f1-bd58-e83869d14d81,color,#FFFFFF,Blanc,true
410cdf4e-109e-4e8c-becf-05680f47a72e,f269bfe5-55b6-48f1-bd58-e83869d14d81,color,#D4B896,Beige,true
4fd63985-493e-42cb-b88d-6a9ff0989a13,f269bfe5-55b6-48f1-bd58-e83869d14d81,size,36,36,true
a59024af-acdd-4317-9194-4d9b09c88e32,f269bfe5-55b6-48f1-bd58-e83869d14d81,size,38,38,true
c7e91921-8292-42cc-aabc-49971bbac61b,f269bfe5-55b6-48f1-bd58-e83869d14d81,size,40,40,true
369c88f9-c060-4b2c-96b9-878f107ff065,f269bfe5-55b6-48f1-bd58-e83869d14d81,size,42,42,true
d085685c-6fcd-4670-9183-daf50664a005,f269bfe5-55b6-48f1-bd58-e83869d14d81,size,44,44,true
3f78918c-19dc-43e0-ad2c-0e949a23edb2,f269bfe5-55b6-48f1-bd58-e83869d14d81,size,46,46,true
a02e82ca-4795-4fd0-ac84-a4ebaa217e2b,f269bfe5-55b6-48f1-bd58-e83869d14d81,size,48,48,true
a4437498-4330-4a14-9780-5d815d2164f2,9aae3cfb-47dd-476e-a69f-ec9fb4ffbc84,size,36,36,true
a265a3d5-e52f-4207-ac7c-662fec094fb2,9aae3cfb-47dd-476e-a69f-ec9fb4ffbc84,size,38,38,true
8b96af94-c2f7-4035-8bc5-ad1942135e38,9aae3cfb-47dd-476e-a69f-ec9fb4ffbc84,size,40,40,true
e65a00c4-e7fc-4ffb-b7d5-6c33247c364b,e37e3fbd-a832-4c44-b2e1-eddd23f795b9,size,36,36,true
7625e49d-a570-4511-8d6c-ada3d377f5a2,e37e3fbd-a832-4c44-b2e1-eddd23f795b9,size,38,38,true
ef52bb4c-193b-4357-b9ff-1076555a5b5b,e37e3fbd-a832-4c44-b2e1-eddd23f795b9,size,40,40,true
30651be3-3681-4261-a59c-b356d955b14d,e37e3fbd-a832-4c44-b2e1-eddd23f795b9,size,42,42,true
b15a1a1d-a976-410d-ade8-9131e3143f1d,e37e3fbd-a832-4c44-b2e1-eddd23f795b9,size,44,44,true
48dce9d0-3462-4150-88db-13bd24a38c8f,e37e3fbd-a832-4c44-b2e1-eddd23f795b9,size,46,46,true
d57df2fe-3513-420e-9d59-f0cc7c6db64d,53bb0e71-69f4-4a3d-acb1-cafd7c81f52c,size,36,36,true
bde8c210-688c-4d66-83d0-6779de46a5e2,53bb0e71-69f4-4a3d-acb1-cafd7c81f52c,size,38,38,true
b50cfd05-2a01-4970-a425-6e00daac9f15,53bb0e71-69f4-4a3d-acb1-cafd7c81f52c,size,40,40,true
567081e4-de0a-442c-8127-e6055e2ddfe7,53bb0e71-69f4-4a3d-acb1-cafd7c81f52c,size,42,42,true
826f6e15-22ed-4324-b405-f69b26908348,53bb0e71-69f4-4a3d-acb1-cafd7c81f52c,size,44,44,true
877117f9-7508-46f0-b99c-46b1065bbdc7,53bb0e71-69f4-4a3d-acb1-cafd7c81f52c,size,46,46,true
a65b7cda-f173-41d0-bb13-062b3c024fdb,53bb0e71-69f4-4a3d-acb1-cafd7c81f52c,size,48,48,true
05c88ed9-7cd3-4ec7-b8f5-dcf339031677,53bb0e71-69f4-4a3d-acb1-cafd7c81f52c,size,50,50,true
19d5e673-c9e7-4802-9ac0-7eae4b4545b4,53bb0e71-69f4-4a3d-acb1-cafd7c81f52c,size,52,52,true
4f976378-8477-46c2-9fd9-ba40fcf66c73,53bb0e71-69f4-4a3d-acb1-cafd7c81f52c,color,#FFFFFF,Blanc,true
9ea255e5-fa0c-41d9-90b4-6cdd3745b5b6,53bb0e71-69f4-4a3d-acb1-cafd7c81f52c,color,#D4B896,Beige,true
01462bb0-f013-4e45-9806-5bc9a7aaa4ef,9aae3cfb-47dd-476e-a69f-ec9fb4ffbc84,size,42,42,true
9b841746-68f1-46ef-8dce-8422dd5a9e11,53bb0e71-69f4-4a3d-acb1-cafd7c81f52c,color,#8B1A1A,Bordeaux,true
932426a6-6762-4fef-bd8a-ab0cc4de86b9,53bb0e71-69f4-4a3d-acb1-cafd7c81f52c,color,#1A1714,Noir,true
4648d96b-055a-4047-8e9f-089ef5b1daa6,130f367f-3480-475b-ac7a-4c1dea1ce95c,size,36,36,true
9ba28163-3967-4269-8ad7-ab147adfd8ea,130f367f-3480-475b-ac7a-4c1dea1ce95c,size,38,38,true
90154ae9-c385-42bf-abde-651afa02f648,9aae3cfb-47dd-476e-a69f-ec9fb4ffbc84,size,44,44,true
84f231e0-c682-42d7-ab6c-7d0d2e095820,9aae3cfb-47dd-476e-a69f-ec9fb4ffbc84,size,46,46,true
7567ecee-2b6f-4241-ae4c-75d577df166a,9aae3cfb-47dd-476e-a69f-ec9fb4ffbc84,size,48,48,true
cd37807b-25e9-484f-b0c4-9c896b69fd60,9aae3cfb-47dd-476e-a69f-ec9fb4ffbc84,size,50,50,true
cbd74448-49d2-44a6-ab2a-89f3097b8bae,9aae3cfb-47dd-476e-a69f-ec9fb4ffbc84,color,#FFFFFF,Blanc,true
a21d7fed-44d1-4ed5-bbd3-3eb1935c16d2,130f367f-3480-475b-ac7a-4c1dea1ce95c,size,40,40,true
677004a8-17c2-4250-8b4f-68916c4fbd76,130f367f-3480-475b-ac7a-4c1dea1ce95c,size,42,42,true
739750e7-9d0a-4e5e-b0fd-a376f92b31e9,130f367f-3480-475b-ac7a-4c1dea1ce95c,size,44,44,true
c2801c87-8909-46ac-8ab6-fa49cd267fd5,130f367f-3480-475b-ac7a-4c1dea1ce95c,size,46,46,true
065f5c43-3d84-4f37-88c6-eee3073e8012,130f367f-3480-475b-ac7a-4c1dea1ce95c,size,48,48,true
6175259c-6b80-4a08-8e34-4e5251d752b6,130f367f-3480-475b-ac7a-4c1dea1ce95c,size,50,50,true
6a53e6b5-f63f-4561-ac57-d24e03406fee,130f367f-3480-475b-ac7a-4c1dea1ce95c,color,#FFFFFF,Blanc,true
1846f421-0332-4ecf-84bb-bfc75157a06c,130f367f-3480-475b-ac7a-4c1dea1ce95c,color,#1A1714,Noir,true
a15371be-c767-47a7-8ae1-0e6b702b2caa,130f367f-3480-475b-ac7a-4c1dea1ce95c,color,#8B1A1A,Bordeaux,true
530af362-f5c3-4bc4-b7fe-2c72dc478685,130f367f-3480-475b-ac7a-4c1dea1ce95c,color,#D4B896,Beige,true
bda3b149-bc70-49ae-b7d5-918384977f45,130f367f-3480-475b-ac7a-4c1dea1ce95c,color,#F0EBE0,Ivoire,true
5eaa4fd3-dcdc-4774-a324-38a496a34051,2700725c-5e98-43c0-b5b0-f148cc9ed33a,size,36,36,true
9e25bfef-2a6b-49db-bb57-34dde7e49842,2700725c-5e98-43c0-b5b0-f148cc9ed33a,size,38,38,true
8f2e6205-f327-435d-9ef6-4b3c9ee9634d,2700725c-5e98-43c0-b5b0-f148cc9ed33a,size,40,40,true
1b40d364-16bd-47f4-b6ac-ce8e1a4cc00d,2700725c-5e98-43c0-b5b0-f148cc9ed33a,size,42,42,true
899b900a-c70e-4b97-99ba-5210fd737ccd,2700725c-5e98-43c0-b5b0-f148cc9ed33a,size,44,44,true
30b6ca0e-bf8b-4183-949f-606e742db8d0,2700725c-5e98-43c0-b5b0-f148cc9ed33a,size,46,46,true
0cd84792-24d9-4cb9-b573-430fff4ddef1,2700725c-5e98-43c0-b5b0-f148cc9ed33a,size,48,48,true
2f17d185-f58e-44f9-96eb-b33577d3466e,2700725c-5e98-43c0-b5b0-f148cc9ed33a,size,50,50,true
1c95dd11-1615-4719-8f7d-e9ca27bb6a04,2700725c-5e98-43c0-b5b0-f148cc9ed33a,color,#F0EBE0,Ivoire,true
ce53f08f-d7ba-47bf-9cd6-6262ec0bcb3d,2700725c-5e98-43c0-b5b0-f148cc9ed33a,color,#8B1A1A,Bordeaux,true
0311a49d-3707-4a76-b21f-cca0714c4b12,2700725c-5e98-43c0-b5b0-f148cc9ed33a,color,#2D5A27,Vert,true
81693013-1b8e-480b-a931-33d4d5f9ddbd,2700725c-5e98-43c0-b5b0-f148cc9ed33a,color,#9CA3AF,Gris,true
cab532ad-82d2-42c8-8b04-fd8e0761904d,4d73c702-3405-4827-9966-ab564134c71b,size,36,36,true
7524874f-b01e-4f17-a038-05b388a2b6b0,4d73c702-3405-4827-9966-ab564134c71b,size,38,38,true
54699606-d508-4976-9d6c-1373ecd9ec3d,4d73c702-3405-4827-9966-ab564134c71b,size,40,40,true
b8a48028-0ca5-4f09-8940-e593614b58fa,4d73c702-3405-4827-9966-ab564134c71b,size,42,42,true
e3c0f04e-ad5e-4371-a766-bcc17099c8df,4d73c702-3405-4827-9966-ab564134c71b,size,44,44,true
d9776678-2782-427c-8e40-9523a4d6b33f,4d73c702-3405-4827-9966-ab564134c71b,size,46,46,true
ccebe967-3bd8-4ce1-a82b-568b5b7036a2,4d73c702-3405-4827-9966-ab564134c71b,size,48,48,true
47b8dd8a-6c25-4dc9-a304-e6c588a63beb,4d73c702-3405-4827-9966-ab564134c71b,color,#F0EBE0,Ivoire,true
0b1f2a6a-a76b-4af3-800f-85a452470b57,4d73c702-3405-4827-9966-ab564134c71b,color,#FFFFFF,Blanc,true
b2ffbfd3-2a64-4bf1-bb68-b1809efd2b71,4d73c702-3405-4827-9966-ab564134c71b,color,#D4B896,Beige,true
f4011ca3-99df-4d73-a4ce-5a4d091295bf,648a1268-d0c5-4fac-adfb-2c1d3ed63d88,size,36,36,true
02ba6d7d-210a-4df9-b2f0-eaf4a64ca042,648a1268-d0c5-4fac-adfb-2c1d3ed63d88,size,38,38,true
8fe0776e-8606-4bdb-885b-38b24821787c,648a1268-d0c5-4fac-adfb-2c1d3ed63d88,size,40,40,true
0425f69c-5eaf-4de4-a8f3-1a9f30985089,648a1268-d0c5-4fac-adfb-2c1d3ed63d88,size,42,42,true
7ec16c13-dd4f-4dc9-bcc6-7786bdfcedca,648a1268-d0c5-4fac-adfb-2c1d3ed63d88,size,44,44,true
5c86c0bd-677f-4e41-b565-c78de0eeabc5,648a1268-d0c5-4fac-adfb-2c1d3ed63d88,size,46,46,true
92e0d3e5-03e3-41e1-99c6-9b6f3b30acf8,648a1268-d0c5-4fac-adfb-2c1d3ed63d88,color,#FFFFFF,Blanc,true
123fdcfa-303e-4591-8d85-91a842406695,648a1268-d0c5-4fac-adfb-2c1d3ed63d88,color,#F0EBE0,Ivoire,true
35a99bae-bb77-479c-afb7-c37b9c8a6ed0,648a1268-d0c5-4fac-adfb-2c1d3ed63d88,color,#B8963E,Doré,true
a9ba8a50-1b62-4347-8b58-392b2be3e65b,648a1268-d0c5-4fac-adfb-2c1d3ed63d88,color,#1A1714,Noir,true
2a5815d7-69ac-4465-a51c-85d69cd43f18,276d6a5b-c157-41ff-ad75-571c49493e36,size,36,36,true
ca3f6d0a-1a2f-41cd-8de2-dfa2dd7d4100,276d6a5b-c157-41ff-ad75-571c49493e36,size,38,38,true
5ca3f4cc-1778-4158-8254-a5cbbbd377ec,276d6a5b-c157-41ff-ad75-571c49493e36,size,40,40,true
fcfb773c-caef-4185-801f-c8d751228eac,fe9f3569-a28e-4962-97d7-683e8728061a,model,1,1,true
b7e3e1d4-340d-4982-ab27-7be8e69aaf37,fe9f3569-a28e-4962-97d7-683e8728061a,model,2,2,true
548843b0-2abc-4a80-89c4-b7b69fdc08d4,276d6a5b-c157-41ff-ad75-571c49493e36,size,42,42,true
46831084-2d7c-4363-9d44-33adf793facf,276d6a5b-c157-41ff-ad75-571c49493e36,size,44,44,true
fe7a11c0-3df3-4f89-9b38-2f55c4195593,276d6a5b-c157-41ff-ad75-571c49493e36,size,46,46,true
976f841e-b4b1-455e-a141-5382ddaef994,9aae3cfb-47dd-476e-a69f-ec9fb4ffbc84,color,#1A1714,Noir,true
f21f25aa-e2bb-4457-99ac-0e933acf5ed4,c5f1d113-7567-44f3-8a9b-f8ced96b0087,size,36,36,true
4e40bc02-f348-4460-a38f-ecab6b843ab4,c5f1d113-7567-44f3-8a9b-f8ced96b0087,size,38,38,true
9fe2d8b3-cc02-4995-b853-753925286e60,c5f1d113-7567-44f3-8a9b-f8ced96b0087,size,40,40,true
0d07235d-ec67-417c-b54b-ab86dded2424,c5f1d113-7567-44f3-8a9b-f8ced96b0087,size,42,42,true
8b668bc4-482d-4f5a-b1ed-c729d1f44e9a,c5f1d113-7567-44f3-8a9b-f8ced96b0087,size,44,44,true
b787b66f-6601-433e-8591-6b5d7fbf9557,c5f1d113-7567-44f3-8a9b-f8ced96b0087,size,46,46,true
ae9843c2-9b68-4847-a36a-011c99b8a292,c5f1d113-7567-44f3-8a9b-f8ced96b0087,size,48,48,true
249ddb59-28a0-4470-b6c9-aa85f3d4b784,c5f1d113-7567-44f3-8a9b-f8ced96b0087,color,#FFFFFF,Blanc,true
07fee15e-93bb-4a36-962d-37574a8a6a40,c5f1d113-7567-44f3-8a9b-f8ced96b0087,color,#E8C4C4,Rose,true
323dee7b-3451-42fc-9a01-7269a024a355,d6fbe0b1-40cc-4088-9e40-a14a38a15b29,size,36,36,true
ef2d12ab-b3b5-4c25-8974-edacc8c152b9,d6fbe0b1-40cc-4088-9e40-a14a38a15b29,size,38,38,true
3fccb800-6404-43c3-881d-0c369129f36e,d6fbe0b1-40cc-4088-9e40-a14a38a15b29,size,40,40,true
a9245602-1e58-4d0f-adc3-834a837cf381,d6fbe0b1-40cc-4088-9e40-a14a38a15b29,size,42,42,true
4f98b4eb-1f88-4b4c-bc85-e8f16ba97c92,d6fbe0b1-40cc-4088-9e40-a14a38a15b29,size,44,44,true
c0739ce4-788a-4dad-ab23-2f3a2a878778,d6fbe0b1-40cc-4088-9e40-a14a38a15b29,size,46,46,true
d417a863-bd53-4357-98fc-45f6a5ef4a4d,d6fbe0b1-40cc-4088-9e40-a14a38a15b29,size,48,48,true
51c66a26-3f70-4322-a946-f59c5a439dc0,d6fbe0b1-40cc-4088-9e40-a14a38a15b29,size,50,50,true
f2a1edc3-5cc4-408e-9ee7-5be4f71a631d,d6fbe0b1-40cc-4088-9e40-a14a38a15b29,color,#FFFFFF,Blanc,true
0f669a68-a3d6-4ee4-bc4d-0d81726098ba,d6fbe0b1-40cc-4088-9e40-a14a38a15b29,color,#F0EBE0,Ivoire,true
f644cd15-0cc9-4d66-b124-eac700bef89c,d6fbe0b1-40cc-4088-9e40-a14a38a15b29,color,#D4B896,Beige,true
50976d5a-ad82-43dc-8cfd-eed12b19d872,d6fbe0b1-40cc-4088-9e40-a14a38a15b29,color,#1A1714,Noir,true
f049f399-a39e-4277-a271-4edae28c6aff,d6fbe0b1-40cc-4088-9e40-a14a38a15b29,color,#8B1A1A,Bordeaux,true
c5811a07-fdb0-44df-ac4e-835669a9baa6,ae637e07-2c9a-4a97-af69-49d67bbe91a8,model,4,4,true
e6b9b31c-f13b-42c7-8743-d6dd9c858c55,ae637e07-2c9a-4a97-af69-49d67bbe91a8,model,5,5,true
8fe6c56e-cd67-413a-80ef-a84f331421af,ae637e07-2c9a-4a97-af69-49d67bbe91a8,model,6,6,true
fa02bce5-e9cd-4987-9e0c-8a9cb7b32484,ae637e07-2c9a-4a97-af69-49d67bbe91a8,model,8,8,true
e5034815-788c-4b59-933d-f348aa677a15,ff9776d9-76c1-4f9d-a8cf-0501c79e2e80,size,36,36,true
a7f7bb40-8e00-4653-9f40-1799cdf790fc,ff9776d9-76c1-4f9d-a8cf-0501c79e2e80,size,38,38,true
fd5b0ce6-efb2-4982-b605-c1e689485cfd,ff9776d9-76c1-4f9d-a8cf-0501c79e2e80,size,40,40,true
c03392a1-4d2a-4129-8bff-b36114e35865,ff9776d9-76c1-4f9d-a8cf-0501c79e2e80,size,42,42,true
42734c14-ef71-401b-94f3-31e737c9df0e,ff9776d9-76c1-4f9d-a8cf-0501c79e2e80,size,44,44,true
b7a0ec67-606c-435f-9a43-27fe83656a32,ff9776d9-76c1-4f9d-a8cf-0501c79e2e80,size,46,46,true
68ada17d-bcc8-4037-a4e6-e2c2fa712998,ff9776d9-76c1-4f9d-a8cf-0501c79e2e80,size,48,48,true
9faba26a-e0b2-4350-8ba7-19961970475e,ff9776d9-76c1-4f9d-a8cf-0501c79e2e80,size,50,50,true
028e540a-68c4-494d-ae44-2e1dd26c4e95,ff9776d9-76c1-4f9d-a8cf-0501c79e2e80,color,#FFFFFF,Blanc,true
52ccd956-1b44-4b41-a031-894421793c5d,ff9776d9-76c1-4f9d-a8cf-0501c79e2e80,color,#1A1714,Noir,true
