id,product_id,image_url,is_primary,display_order
2aa495e6-5c74-4cc5-a35f-06638caf56dc,4d73c702-3405-4827-9966-ab564134c71b,https://nsjyyivbpyexqvywymaz.supabase.co/storage/v1/object/public/caftan-images/products/f6x92lvlpcg.jpeg,true,0
b841a4ab-b21a-4655-b059-bf14be3d6fc9,4d73c702-3405-4827-9966-ab564134c71b,https://nsjyyivbpyexqvywymaz.supabase.co/storage/v1/object/public/caftan-images/products/7tcwj9l18ss.jpeg,false,1
2ad3e11f-a936-4f1a-8198-12817ac7cd92,130f367f-3480-475b-ac7a-4c1dea1ce95c,https://nsjyyivbpyexqvywymaz.supabase.co/storage/v1/object/public/caftan-images/products/q26zmzxh0n.jpeg,true,0
76247929-f08f-437c-a52d-db87db1f0eb4,130f367f-3480-475b-ac7a-4c1dea1ce95c,https://nsjyyivbpyexqvywymaz.supabase.co/storage/v1/object/public/caftan-images/products/ipqcu6rmbeb.jpeg,false,1
4e257b2e-1caa-4b0e-a592-cc8fc396117b,53bb0e71-69f4-4a3d-acb1-cafd7c81f52c,https://nsjyyivbpyexqvywymaz.supabase.co/storage/v1/object/public/caftan-images/products/a3y5rcgtch.jpeg,true,0
fc1074d1-88f6-4ba3-9bc4-26596eecde00,53bb0e71-69f4-4a3d-acb1-cafd7c81f52c,https://nsjyyivbpyexqvywymaz.supabase.co/storage/v1/object/public/caftan-images/products/hima11uajdb.jpeg,false,1
92977756-c94c-4c90-b5e0-907f34fdb16f,d69f2878-5a90-4fac-b137-bea0c346c64f,https://nsjyyivbpyexqvywymaz.supabase.co/storage/v1/object/public/caftan-images/products/s0ywdstcjx.jpeg,true,0
293f3fba-5920-4767-98ec-79a650505fa1,d69f2878-5a90-4fac-b137-bea0c346c64f,https://nsjyyivbpyexqvywymaz.supabase.co/storage/v1/object/public/caftan-images/products/xztzvjrhxmp.jpeg,false,1
317204c4-5b9d-4fc3-88bf-8e6ac673ea96,276d6a5b-c157-41ff-ad75-571c49493e36,https://nsjyyivbpyexqvywymaz.supabase.co/storage/v1/object/public/caftan-images/products/5pgry7hjydo.jpeg,true,0
7c4646c1-3450-4f52-9f58-2c692b4e7e87,276d6a5b-c157-41ff-ad75-571c49493e36,https://nsjyyivbpyexqvywymaz.supabase.co/storage/v1/object/public/caftan-images/products/bqa827d8zdg.jpeg,false,1
bae3a1bf-1357-4f81-9d87-1bb0a38ad1ef,2700725c-5e98-43c0-b5b0-f148cc9ed33a,https://nsjyyivbpyexqvywymaz.supabase.co/storage/v1/object/public/caftan-images/products/rh3y9wgkpo8.jpeg,true,0
1109bd93-f86b-403e-80c9-af4d023d76a4,2700725c-5e98-43c0-b5b0-f148cc9ed33a,https://nsjyyivbpyexqvywymaz.supabase.co/storage/v1/object/public/caftan-images/products/4r959t7n2j.jpeg,false,3
ec7f899f-1be6-4b99-afbc-0d76194859df,2700725c-5e98-43c0-b5b0-f148cc9ed33a,https://nsjyyivbpyexqvywymaz.supabase.co/storage/v1/object/public/caftan-images/products/hglcvbuf7aa.jpeg,false,2
ce6594c7-dbea-469b-a656-5f2e5735a8a9,2700725c-5e98-43c0-b5b0-f148cc9ed33a,https://nsjyyivbpyexqvywymaz.supabase.co/storage/v1/object/public/caftan-images/products/6cegaq1ge32.jpeg,false,3
fd7852af-4c8b-462a-934c-a6b2d72f7631,f269bfe5-55b6-48f1-bd58-e83869d14d81,https://nsjyyivbpyexqvywymaz.supabase.co/storage/v1/object/public/caftan-images/products/8pw9xgbofxx.jpeg,true,0
ada45267-cdb4-4341-8f15-7d59e12c4146,fbe0e28d-9f94-4c57-82bb-452d3bbb274d,https://nsjyyivbpyexqvywymaz.supabase.co/storage/v1/object/public/caftan-images/products/e7yrfgkvyug.jpeg,true,0
02e9afec-0c7c-42a6-a6db-c35fa0d4cb52,bcfc02fa-8997-4d14-9b22-f0c6c29d8327,https://nsjyyivbpyexqvywymaz.supabase.co/storage/v1/object/public/caftan-images/products/j1qk7cg6di.jpeg,true,0
5f5cec3f-fae0-4049-94ba-4a2d8c695c2f,d6fbe0b1-40cc-4088-9e40-a14a38a15b29,https://nsjyyivbpyexqvywymaz.supabase.co/storage/v1/object/public/caftan-images/products/islc66ndxp.jpeg,true,0
b2bdb5b8-886b-4801-a220-e471bff19caf,d6fbe0b1-40cc-4088-9e40-a14a38a15b29,https://nsjyyivbpyexqvywymaz.supabase.co/storage/v1/object/public/caftan-images/products/lpp4yfh9xgo.jpeg,false,1
e9103480-11e8-46ad-976b-48218216f3d6,e37e3fbd-a832-4c44-b2e1-eddd23f795b9,https://nsjyyivbpyexqvywymaz.supabase.co/storage/v1/object/public/caftan-images/products/zuf1iujn2eg.jpeg,true,0
68c25373-ca4f-4888-b53b-5a054f5ce5db,e37e3fbd-a832-4c44-b2e1-eddd23f795b9,https://nsjyyivbpyexqvywymaz.supabase.co/storage/v1/object/public/caftan-images/products/kovtoa8vszn.jpeg,false,1
483c2e85-0de2-482b-99f0-348bea4fd015,617b873d-4aaf-42d1-8a8a-6fff2a21ec78,https://nsjyyivbpyexqvywymaz.supabase.co/storage/v1/object/public/caftan-images/products/37vgw8wrh3r.jpeg,true,0
dacb2e66-4c46-4770-bfd7-8d4f3ec22b8f,617b873d-4aaf-42d1-8a8a-6fff2a21ec78,https://nsjyyivbpyexqvywymaz.supabase.co/storage/v1/object/public/caftan-images/products/zk2ttdo6weg.jpeg,false,1
f92e95a4-f74d-45a3-8268-a6ff446903ec,4317729a-38f9-4df3-999f-ec671b886770,https://nsjyyivbpyexqvywymaz.supabase.co/storage/v1/object/public/caftan-images/products/y6cxophr31h.jpeg,true,0
aac01682-9728-4c9d-9987-582d12a28153,4317729a-38f9-4df3-999f-ec671b886770,https://nsjyyivbpyexqvywymaz.supabase.co/storage/v1/object/public/caftan-images/products/dzmkwttj8wb.jpeg,false,1
1d9f3033-4c74-4ee4-adb7-58d57c76baaa,df7d62c7-2862-4c80-9d80-0cf1c8fdabbd,https://nsjyyivbpyexqvywymaz.supabase.co/storage/v1/object/public/caftan-images/products/ob6qt8u1uq.jpeg,true,0
d8173138-23ab-4d1a-b6fd-bc12b0c5e514,648a1268-d0c5-4fac-adfb-2c1d3ed63d88,https://nsjyyivbpyexqvywymaz.supabase.co/storage/v1/object/public/caftan-images/products/f8yqvowb0ik.jpeg,true,0
2264bc8b-1d78-4e68-bae5-6538b39146c8,648a1268-d0c5-4fac-adfb-2c1d3ed63d88,https://nsjyyivbpyexqvywymaz.supabase.co/storage/v1/object/public/caftan-images/products/7vwcjk0q9j9.jpeg,false,1
8efa2249-cb68-4a9f-a5bd-a7b6067442e0,648a1268-d0c5-4fac-adfb-2c1d3ed63d88,https://nsjyyivbpyexqvywymaz.supabase.co/storage/v1/object/public/caftan-images/products/3x6stgs1jvo.jpeg,false,2
76354bd3-175f-4ff0-a013-b8033be2f348,811fe3e6-20cf-471f-a45d-4b3d142528f7,https://nsjyyivbpyexqvywymaz.supabase.co/storage/v1/object/public/caftan-images/products/742f35aqtfw.jpeg,true,0
e00813ba-3c76-4d8e-bea8-5e3413950831,fe9f3569-a28e-4962-97d7-683e8728061a,https://nsjyyivbpyexqvywymaz.supabase.co/storage/v1/object/public/caftan-images/products/1bxhdzb8sfoj.jpeg,true,0
e6fca949-15a7-4a78-860c-e53282c1f65b,c5f1d113-7567-44f3-8a9b-f8ced96b0087,https://nsjyyivbpyexqvywymaz.supabase.co/storage/v1/object/public/caftan-images/products/zxthdvy5ol.jpeg,true,0
c99c4527-0b7e-4e36-a9f9-a60bffbc7ca3,c5f1d113-7567-44f3-8a9b-f8ced96b0087,https://nsjyyivbpyexqvywymaz.supabase.co/storage/v1/object/public/caftan-images/products/8fsq0hlx13.jpeg,false,1
d4a1b962-96ae-432a-a2b9-1bdb970362b1,c5f1d113-7567-44f3-8a9b-f8ced96b0087,https://nsjyyivbpyexqvywymaz.supabase.co/storage/v1/object/public/caftan-images/products/mi8cuy6nsfq.jpeg,false,2
5b3b1307-9de8-487f-b74b-2e2726673914,f269bfe5-55b6-48f1-bd58-e83869d14d81,https://nsjyyivbpyexqvywymaz.supabase.co/storage/v1/object/public/caftan-images/products/0472fdesokta.jpeg,false,1
92465bfc-0ebd-4ed7-ab10-288e75519551,9aae3cfb-47dd-476e-a69f-ec9fb4ffbc84,https://nsjyyivbpyexqvywymaz.supabase.co/storage/v1/object/public/caftan-images/products/s7g7wuk03f.jpeg,true,0
e97f19f8-f71a-4fa9-b9b3-bba8a7dc7dbf,9aae3cfb-47dd-476e-a69f-ec9fb4ffbc84,https://nsjyyivbpyexqvywymaz.supabase.co/storage/v1/object/public/caftan-images/products/qvd79tlt2bq.jpeg,false,1
48eadb8f-f8b5-43e6-8828-148b9a73c677,ff9776d9-76c1-4f9d-a8cf-0501c79e2e80,https://nsjyyivbpyexqvywymaz.supabase.co/storage/v1/object/public/caftan-images/products/mjkcbgamhr.jpeg,true,0
3bddf46d-be26-4027-8f6c-d87ee1294cbb,ff9776d9-76c1-4f9d-a8cf-0501c79e2e80,https://nsjyyivbpyexqvywymaz.supabase.co/storage/v1/object/public/caftan-images/products/xc8qy12qcyg.jpeg,false,1
0c5e7385-bb98-4733-9711-778bb46ba5fb,ff9776d9-76c1-4f9d-a8cf-0501c79e2e80,https://nsjyyivbpyexqvywymaz.supabase.co/storage/v1/object/public/caftan-images/products/i70catvyiw.jpeg,false,2
dfc7f1b7-3d3e-4134-9559-7f256a711b31,9ac14466-4097-4bcb-9fa7-0c602d61c754,https://nsjyyivbpyexqvywymaz.supabase.co/storage/v1/object/public/caftan-images/products/10iq9mlgetsr.jpeg,true,0
9e7f0ec6-ffa5-4ac6-8ee7-2c8268ecd2d6,d6fbe0b1-40cc-4088-9e40-a14a38a15b29,https://nsjyyivbpyexqvywymaz.supabase.co/storage/v1/object/public/caftan-images/products/cec68rctax7.jpeg,false,2
f62608a9-3887-404c-8f57-3a5728668722,d6fbe0b1-40cc-4088-9e40-a14a38a15b29,https://nsjyyivbpyexqvywymaz.supabase.co/storage/v1/object/public/caftan-images/products/lemeyr5mhy8.jpeg,false,3
a886ff74-0efe-4af9-a0fa-7163567866ba,ae637e07-2c9a-4a97-af69-49d67bbe91a8,https://nsjyyivbpyexqvywymaz.supabase.co/storage/v1/object/public/caftan-images/products/u8ijr76qhag.jpeg,true,0
