id,order_id,product_id,pack_id,product_name,product_image,quantity,size,color,price_at_purchase
0b0ed511-e335-4c3e-a4a1-ca1385cc588e,75545c21-5dd2-46fd-a742-7e14b7380a57,df7d62c7-2862-4c80-9d80-0cf1c8fdabbd,,LUNE PERLÉE,https://nsjyyivbpyexqvywymaz.supabase.co/storage/v1/object/public/caftan-images/products/ob6qt8u1uq.jpeg,1,,,1200.00
0e37c4e7-5f8f-4969-b8d3-ce4c9c2de8c5,a72118f7-b972-4929-90de-89dcb4ea5623,648a1268-d0c5-4fac-adfb-2c1d3ed63d88,,WERD,https://nsjyyivbpyexqvywymaz.supabase.co/storage/v1/object/public/caftan-images/products/f8yqvowb0ik.jpeg,1,46,Blanc,19900.00
0ea4008d-1b66-498c-a0ab-e5c3e3e9a05f,aa4d222f-39d8-409d-ab10-05326a3b3516,130f367f-3480-475b-ac7a-4c1dea1ce95c,,"EL’HUR ",https://nsjyyivbpyexqvywymaz.supabase.co/storage/v1/object/public/caftan-images/products/q26zmzxh0n.jpeg,1,44,Blanc,19900.00
107593b4-badd-4029-958b-8d8a0aff1f1e,ab318403-bb13-4384-aec4-f31aec21c323,2700725c-5e98-43c0-b5b0-f148cc9ed33a,,HAREER,https://nsjyyivbpyexqvywymaz.supabase.co/storage/v1/object/public/caftan-images/products/rh3y9wgkpo8.jpeg,1,36,Ivoire,16900.00
1089f4ef-7033-407b-962d-6361b2a526ba,9647ec04-94d1-42d6-a35a-5e8d0896eb5b,,,WERD,https://nsjyyivbpyexqvywymaz.supabase.co/storage/v1/object/public/caftan-images/products/80ld1954zlc.jpeg,1,44,#F0EBE0,19900.00
10b01a20-cc95-4225-9a5a-d82594619801,5633c225-18f9-4c0f-a5c8-17692f4a175e,2700725c-5e98-43c0-b5b0-f148cc9ed33a,,HAREER,https://nsjyyivbpyexqvywymaz.supabase.co/storage/v1/object/public/caftan-images/products/rh3y9wgkpo8.jpeg,1,36,Ivoire,16900.00
128d2a1c-8487-490d-903b-c5627676d752,5ecd5545-25ea-4381-ba90-d449ef6a5c5b,d6fbe0b1-40cc-4088-9e40-a14a38a15b29,,SULTANA,https://nsjyyivbpyexqvywymaz.supabase.co/storage/v1/object/public/caftan-images/products/islc66ndxp.jpeg,1,38,Ivoire,19900.00
12ae311a-7cc9-4b76-b553-02e952f39b90,02a52328-c5be-4d43-b9c0-dee925b2dac8,fbe0e28d-9f94-4c57-82bb-452d3bbb274d,,FIROUS,https://nsjyyivbpyexqvywymaz.supabase.co/storage/v1/object/public/caftan-images/products/e7yrfgkvyug.jpeg,1,,,2500.00
1957f742-7f44-4355-aa30-f06678281b47,e2b3a69f-f8a4-4096-a492-85c2445f3cc6,ae637e07-2c9a-4a97-af69-49d67bbe91a8,,"CEINTURES DORÉES ",https://nsjyyivbpyexqvywymaz.supabase.co/storage/v1/object/public/caftan-images/products/g361a0vmyra.jpeg,1,Modèle 4,,1200.00
197358b9-647d-4c40-94f8-28d9593aac31,41c560a6-d758-461d-92f5-124e7481b358,130f367f-3480-475b-ac7a-4c1dea1ce95c,,"EL’HUR ",https://nsjyyivbpyexqvywymaz.supabase.co/storage/v1/object/public/caftan-images/products/q26zmzxh0n.jpeg,1,44,Blanc,19900.00
1c855e76-93bb-42d3-a902-6f3ceeba0f0f,75545c21-5dd2-46fd-a742-7e14b7380a57,648a1268-d0c5-4fac-adfb-2c1d3ed63d88,,WERD,https://nsjyyivbpyexqvywymaz.supabase.co/storage/v1/object/public/caftan-images/products/f8yqvowb0ik.jpeg,1,46,Blanc,19900.00
1cd17c14-d321-4564-baa6-e2edb86dfae7,69a3a0d0-a0bb-4b0c-8f0d-79a7890ef6cc,,,WERD,https://nsjyyivbpyexqvywymaz.supabase.co/storage/v1/object/public/caftan-images/products/80ld1954zlc.jpeg,1,44,#FFFFFF,19900.00
1d9b81c0-9f5e-4627-b2c1-746b1d1c9a96,c0a0f34d-09b8-46cb-8bd8-c5cd719435e2,f269bfe5-55b6-48f1-bd58-e83869d14d81,,GHARAM,https://nsjyyivbpyexqvywymaz.supabase.co/storage/v1/object/public/caftan-images/products/8pw9xgbofxx.jpeg,1,42,Beige,16900.00
24ec184b-192b-40a9-b861-cd887430d9c2,7c5ea74f-5e5e-4e4d-983a-5aaebd4fed58,,f7db607e-3615-4c4d-84e0-42c8ea96feb0,CAFTAN BRIDAL,https://nsjyyivbpyexqvywymaz.supabase.co/storage/v1/object/public/caftan-images/packs/g0njn4vg8mq.jpeg,1,,,21700.00
2b029525-e3e8-4db0-b1a8-19425c26568e,9208d629-e1d2-4958-af03-4b0af0dcd67a,648a1268-d0c5-4fac-adfb-2c1d3ed63d88,,WERD,https://nsjyyivbpyexqvywymaz.supabase.co/storage/v1/object/public/caftan-images/products/f8yqvowb0ik.jpeg,1,38,Ivoire,19900.00
2bcc06f1-dc4b-4cce-ac10-8372b26d4634,4567d734-6d49-4e04-b116-698b6d75e566,d6fbe0b1-40cc-4088-9e40-a14a38a15b29,,SULTANA,https://nsjyyivbpyexqvywymaz.supabase.co/storage/v1/object/public/caftan-images/products/islc66ndxp.jpeg,1,42,Bordeaux,19900.00
328ee9f9-7e9c-45e5-a12b-911e1738d2aa,54018d65-92ae-4438-a32e-9b4d60eefb3d,,,WERD,https://nsjyyivbpyexqvywymaz.supabase.co/storage/v1/object/public/caftan-images/products/80ld1954zlc.jpeg,1,46,#FFFFFF,19900.00
35506856-29be-45cf-986c-da208ed30479,c3db0049-39bb-417d-8b67-27dd0680b5a3,648a1268-d0c5-4fac-adfb-2c1d3ed63d88,,WERD,https://nsjyyivbpyexqvywymaz.supabase.co/storage/v1/object/public/caftan-images/products/f8yqvowb0ik.jpeg,1,40,Ivoire,19900.00
3580e5c3-43d0-46ef-999d-1b9bd7c240c7,805a1acc-0e8f-4b42-a9b3-0b420349d04b,648a1268-d0c5-4fac-adfb-2c1d3ed63d88,,WERD,https://nsjyyivbpyexqvywymaz.supabase.co/storage/v1/object/public/caftan-images/products/f8yqvowb0ik.jpeg,1,38,Ivoire,19900.00
3c17542e-3fdb-4da5-9b90-de93a5d4c1e5,9771a19b-54b8-4121-912c-47183e49a536,2700725c-5e98-43c0-b5b0-f148cc9ed33a,,HAREER,https://nsjyyivbpyexqvywymaz.supabase.co/storage/v1/object/public/caftan-images/products/rh3y9wgkpo8.jpeg,1,42,Ivoire,16900.00
3d92c851-6b4c-48be-b422-61d22f290228,02241acf-27f1-4b9a-9cee-cedf0c03cde5,648a1268-d0c5-4fac-adfb-2c1d3ed63d88,,WERD,https://nsjyyivbpyexqvywymaz.supabase.co/storage/v1/object/public/caftan-images/products/f8yqvowb0ik.jpeg,1,38,Ivoire,19900.00
40a5f431-f649-4e84-aada-f277e9beae18,c7b157f9-95af-4c32-8664-45f33fda2f9c,f269bfe5-55b6-48f1-bd58-e83869d14d81,,GHARAM,https://nsjyyivbpyexqvywymaz.supabase.co/storage/v1/object/public/caftan-images/products/8pw9xgbofxx.jpeg,1,40,Blanc,16900.00
43cb7f5b-cf4f-4eb2-ba44-5d0de63de33c,9b9423bf-7615-49a8-bca9-6bba1a3264cd,d6fbe0b1-40cc-4088-9e40-a14a38a15b29,,SULTANA,https://nsjyyivbpyexqvywymaz.supabase.co/storage/v1/object/public/caftan-images/products/islc66ndxp.jpeg,1,38,Ivoire,19900.00
461cd601-43a2-4ed3-9309-5ecc84a72279,a789d4ef-0591-4e3c-8f3f-68f5534328d4,f269bfe5-55b6-48f1-bd58-e83869d14d81,,GHARAM,https://nsjyyivbpyexqvywymaz.supabase.co/storage/v1/object/public/caftan-images/products/8pw9xgbofxx.jpeg,1,40,Beige,16900.00
4abf85eb-285b-4719-a5d9-63c715a640e3,5ec02326-b9bd-43ca-a096-a8c68055d63b,f269bfe5-55b6-48f1-bd58-e83869d14d81,,GHARAM,https://nsjyyivbpyexqvywymaz.supabase.co/storage/v1/object/public/caftan-images/products/8pw9xgbofxx.jpeg,1,42,,16900.00
527a0a6a-5c5b-4a3b-8b58-dcfd0db9e497,28e8d52c-e5fe-43a4-83a2-d47966c88add,f269bfe5-55b6-48f1-bd58-e83869d14d81,,GHARAM,https://nsjyyivbpyexqvywymaz.supabase.co/storage/v1/object/public/caftan-images/products/8pw9xgbofxx.jpeg,1,38,Ivoire,16900.00
539d65a7-6789-45fb-a595-22a8d771b4f5,464fd586-f301-4c0c-bd88-a5ec7009eac7,f269bfe5-55b6-48f1-bd58-e83869d14d81,,GHARAM,https://nsjyyivbpyexqvywymaz.supabase.co/storage/v1/object/public/caftan-images/products/8pw9xgbofxx.jpeg,1,40,Blanc,16900.00
546a7211-6fe6-42a6-a8b2-9eeebb908042,8e7e019a-a8de-4af4-9a91-bbfb43612b80,c5f1d113-7567-44f3-8a9b-f8ced96b0087,,EHSAS,https://nsjyyivbpyexqvywymaz.supabase.co/storage/v1/object/public/caftan-images/products/zxthdvy5ol.jpeg,1,42,Rose,17900.00
57464e7f-ef7e-4082-9086-a0d48ef62ef3,c3467903-fadc-49fb-ac4b-1fedb0c7a51c,d6fbe0b1-40cc-4088-9e40-a14a38a15b29,,SULTANA,https://nsjyyivbpyexqvywymaz.supabase.co/storage/v1/object/public/caftan-images/products/islc66ndxp.jpeg,1,40,Beige,19900.00
578a5d6d-f025-4798-ad68-2e209056636f,77e55150-d667-4858-bb9c-c166c5c31f00,648a1268-d0c5-4fac-adfb-2c1d3ed63d88,,WERD,https://nsjyyivbpyexqvywymaz.supabase.co/storage/v1/object/public/caftan-images/products/f8yqvowb0ik.jpeg,1,46,Blanc,19900.00
6456b6e0-b446-48be-9e09-799918a5dda9,4076dafa-d672-4ea6-88d9-302d0bd54f73,,383c17fe-78a0-4fba-973a-314de01f7c79,CAFTAN BRIDAL,https://nsjyyivbpyexqvywymaz.supabase.co/storage/v1/object/public/caftan-images/packs/c9v8yersi2d.jpeg,1,,,23200.00
6726eee7-5d32-4674-9d8b-fc7680fffe11,6c78a1cc-ff81-4c5e-b9b9-ee5e5e49107b,53bb0e71-69f4-4a3d-acb1-cafd7c81f52c,,RYM,https://nsjyyivbpyexqvywymaz.supabase.co/storage/v1/object/public/caftan-images/products/a3y5rcgtch.jpeg,1,36,#FFFFFF,13900.00
672a191e-8efd-465f-820d-22549554fd7c,0c777394-d5d6-4288-85f6-0084c4f9ceb3,f269bfe5-55b6-48f1-bd58-e83869d14d81,,GHARAM,https://nsjyyivbpyexqvywymaz.supabase.co/storage/v1/object/public/caftan-images/products/8pw9xgbofxx.jpeg,1,38,Blanc,16900.00
6c06508d-f12d-4c4f-8d0d-bfdd6c611f97,8ec498a5-6515-4c9f-9ff9-7d66f1d2dd0c,bcfc02fa-8997-4d14-9b22-f0c6c29d8327,,DÉNA,https://nsjyyivbpyexqvywymaz.supabase.co/storage/v1/object/public/caftan-images/products/j1qk7cg6di.jpeg,1,,,2500.00
6d0f9c59-051b-407d-871b-1ae1b6e4373b,216311f0-c44c-405f-9b67-fcda7398d700,f269bfe5-55b6-48f1-bd58-e83869d14d81,,GHARAM,https://nsjyyivbpyexqvywymaz.supabase.co/storage/v1/object/public/caftan-images/products/8pw9xgbofxx.jpeg,1,42,Beige,16900.00
764adef8-1290-4a23-a941-42888b1fb968,99b3e396-22e3-415d-9931-e7ef6f748be3,811fe3e6-20cf-471f-a45d-4b3d142528f7,,LORA,https://nsjyyivbpyexqvywymaz.supabase.co/storage/v1/object/public/caftan-images/products/742f35aqtfw.jpeg,1,,,2500.00
77e39059-29a1-47bb-974f-4cda9bfcf281,8860b2d3-2dae-441a-9a48-5a91c3a78d47,648a1268-d0c5-4fac-adfb-2c1d3ed63d88,,WERD,https://nsjyyivbpyexqvywymaz.supabase.co/storage/v1/object/public/caftan-images/products/f8yqvowb0ik.jpeg,1,42,Blanc,19900.00
77ffe6e1-5ff2-4c82-ba68-ca35888bf78a,ee9c2619-386b-49cf-a505-895c8f06ba62,d69f2878-5a90-4fac-b137-bea0c346c64f,,ZEHRA,https://nsjyyivbpyexqvywymaz.supabase.co/storage/v1/object/public/caftan-images/products/s0ywdstcjx.jpeg,1,42,,17900.00
79f3b343-5ece-4fe9-ace3-3901232347dd,4567d734-6d49-4e04-b116-698b6d75e566,bcfc02fa-8997-4d14-9b22-f0c6c29d8327,,DÉNA,https://nsjyyivbpyexqvywymaz.supabase.co/storage/v1/object/public/caftan-images/products/j1qk7cg6di.jpeg,1,,,2500.00
7a9068d6-c44c-4f13-a342-1d1a62e817be,11e10755-286e-45f0-915d-1aed30832de9,130f367f-3480-475b-ac7a-4c1dea1ce95c,,"EL’HUR ",https://nsjyyivbpyexqvywymaz.supabase.co/storage/v1/object/public/caftan-images/products/q26zmzxh0n.jpeg,1,38,Blanc,19900.00
7e5753b9-cd3f-42fa-9d79-69c79a04801a,3b281230-2f1e-4a51-97a1-57894bfd4312,648a1268-d0c5-4fac-adfb-2c1d3ed63d88,,WERD,https://nsjyyivbpyexqvywymaz.supabase.co/storage/v1/object/public/caftan-images/products/f8yqvowb0ik.jpeg,1,42,Blanc,19900.00
7fbece83-3029-40b5-8dcd-f9a0b2152057,ec674672-2fcc-4eb4-984a-e87770f317e6,e37e3fbd-a832-4c44-b2e1-eddd23f795b9,,DIAMANTINA,https://nsjyyivbpyexqvywymaz.supabase.co/storage/v1/object/public/caftan-images/products/zuf1iujn2eg.jpeg,1,40,,19900.00
80f85913-d7f7-4411-b027-ed7ba627ddf3,0c777394-d5d6-4288-85f6-0084c4f9ceb3,811fe3e6-20cf-471f-a45d-4b3d142528f7,,LORA,https://nsjyyivbpyexqvywymaz.supabase.co/storage/v1/object/public/caftan-images/products/742f35aqtfw.jpeg,1,,,2500.00
816f6f39-4e9a-4735-a59a-b425583a1d1a,e1b03343-95a1-4a49-818a-83808e4570e2,9aae3cfb-47dd-476e-a69f-ec9fb4ffbc84,,"L A Y A L I ",https://nsjyyivbpyexqvywymaz.supabase.co/storage/v1/object/public/caftan-images/products/s7g7wuk03f.jpeg,1,40,Blanc,28000.00
83dd5bd9-6766-45f1-a21a-f35733c1e209,731d4014-c4c7-4f25-9af5-c03f14c830ac,,3cf97357-cad7-4c8c-9e77-3d8a7324f93e,"BRIDAL CAFTAN ",https://nsjyyivbpyexqvywymaz.supabase.co/storage/v1/object/public/caftan-images/packs/v1irr595ph9.jpeg,1,,,20000.00
85bdb6d3-e460-41e8-8325-c420d553a830,c072eb38-a141-4753-bfab-68d02d1efbf9,f269bfe5-55b6-48f1-bd58-e83869d14d81,,GHARAM,https://nsjyyivbpyexqvywymaz.supabase.co/storage/v1/object/public/caftan-images/products/8pw9xgbofxx.jpeg,1,40,Ivoire,16900.00
87ed22a5-b651-4522-8fde-1ac309e2845f,9e6c51c9-0cc4-49c3-8e73-7c98d79587f8,f269bfe5-55b6-48f1-bd58-e83869d14d81,,GHARAM,https://nsjyyivbpyexqvywymaz.supabase.co/storage/v1/object/public/caftan-images/products/8pw9xgbofxx.jpeg,1,38 (Modèle 4),Blanc,16900.00
88c8b68d-9594-48db-8b98-18e9bca7be66,281ee504-3c24-4f5e-ae08-308baf70a0d0,648a1268-d0c5-4fac-adfb-2c1d3ed63d88,,WERD,https://nsjyyivbpyexqvywymaz.supabase.co/storage/v1/object/public/caftan-images/products/f8yqvowb0ik.jpeg,1,38,Blanc,19900.00
8a89fdbb-c18b-47da-a908-b233084cb074,827f6ead-f952-485f-9241-b9468e72a984,df7d62c7-2862-4c80-9d80-0cf1c8fdabbd,,LUNE PERLÉE,https://nsjyyivbpyexqvywymaz.supabase.co/storage/v1/object/public/caftan-images/products/ob6qt8u1uq.jpeg,1,,,1200.00
8d83e137-890b-4859-8129-ab151572426f,02a6e1b2-815d-4fce-b1e8-eec7f7041d3a,f269bfe5-55b6-48f1-bd58-e83869d14d81,,GHARAM,https://nsjyyivbpyexqvywymaz.supabase.co/storage/v1/object/public/caftan-images/products/8pw9xgbofxx.jpeg,1,42,Ivoire,16900.00
8ffdc393-8650-428f-90e9-81b6d0082e4d,c7058f99-146f-43cd-a10a-f80bbfa93af1,648a1268-d0c5-4fac-adfb-2c1d3ed63d88,,WERD,https://nsjyyivbpyexqvywymaz.supabase.co/storage/v1/object/public/caftan-images/products/f8yqvowb0ik.jpeg,1,40,Blanc,19900.00
91097c80-d092-45e5-bb3c-03f51df2d02e,87e32d0e-d0a1-4242-af7e-478f3bc9e271,f269bfe5-55b6-48f1-bd58-e83869d14d81,,GHARAM,https://nsjyyivbpyexqvywymaz.supabase.co/storage/v1/object/public/caftan-images/products/8pw9xgbofxx.jpeg,1,38,Ivoire,16900.00
912acbac-88ea-4edc-af22-80b058c7d813,c072eb38-a141-4753-bfab-68d02d1efbf9,ae637e07-2c9a-4a97-af69-49d67bbe91a8,,"CEINTURES DORÉES ",https://nsjyyivbpyexqvywymaz.supabase.co/storage/v1/object/public/caftan-images/products/g361a0vmyra.jpeg,1,Modèle 5,,1200.00
9258aeee-0c39-4867-a3df-cf8b66999173,6a7c2caa-ccbb-4ad6-9673-fd99cb93be9e,ae637e07-2c9a-4a97-af69-49d67bbe91a8,,"CEINTURES DORÉES ",https://nsjyyivbpyexqvywymaz.supabase.co/storage/v1/object/public/caftan-images/products/g361a0vmyra.jpeg,1,Modèle 7,,1200.00
9316b63d-7d0e-410a-93eb-887ff1a6246e,1ee65157-3471-4f57-ae92-e4e86fd8bd64,648a1268-d0c5-4fac-adfb-2c1d3ed63d88,,WERD,https://nsjyyivbpyexqvywymaz.supabase.co/storage/v1/object/public/caftan-images/products/f8yqvowb0ik.jpeg,1,38,Blanc,19900.00
95501a0a-4e6b-4ce8-87d2-056e36f82bb7,4bc2f53c-f8c3-4245-a72a-e615bc0107df,648a1268-d0c5-4fac-adfb-2c1d3ed63d88,,WERD,https://nsjyyivbpyexqvywymaz.supabase.co/storage/v1/object/public/caftan-images/products/f8yqvowb0ik.jpeg,1,44,Blanc,19900.00
977557b8-463f-45f0-9013-bab1d9c4373f,5e9e5980-7a4e-4ccd-8630-20ee44b3ad1b,,,WERD,https://nsjyyivbpyexqvywymaz.supabase.co/storage/v1/object/public/caftan-images/products/80ld1954zlc.jpeg,1,42,#F0EBE0,19900.00
9b8a0dde-1df8-453b-92e0-5f32bf3da6dd,b1e86766-56f4-4343-9211-1b8eddd8165c,4d73c702-3405-4827-9966-ab564134c71b,,LOVE,https://nsjyyivbpyexqvywymaz.supabase.co/storage/v1/object/public/caftan-images/products/f6x92lvlpcg.jpeg,1,38,Blanc,17900.00
a10c5d91-d4a9-4aa5-ad63-97437b524198,05bf2d70-88d2-4077-90c2-ee92a947922b,d6fbe0b1-40cc-4088-9e40-a14a38a15b29,,SULTANA,https://nsjyyivbpyexqvywymaz.supabase.co/storage/v1/object/public/caftan-images/products/islc66ndxp.jpeg,1,38,Ivoire,19900.00
a1549df0-de99-4f71-914a-39f562809614,3dbf415c-8a9d-4aa3-ac75-10378cce1447,130f367f-3480-475b-ac7a-4c1dea1ce95c,,"EL’HUR ",https://nsjyyivbpyexqvywymaz.supabase.co/storage/v1/object/public/caftan-images/products/q26zmzxh0n.jpeg,1,42,Ivoire,19900.00
a231b0df-d506-4998-b5df-098ac0b99c4f,965e4d5e-3ea6-47e4-8243-6aa88b1f78b2,f269bfe5-55b6-48f1-bd58-e83869d14d81,,GHARAM,https://nsjyyivbpyexqvywymaz.supabase.co/storage/v1/object/public/caftan-images/products/8pw9xgbofxx.jpeg,1,36,Beige,16900.00
b023c48e-ff67-480f-ba50-91e5c831f9f2,2ac741d3-e12b-45e5-b0ce-d47b45d7e746,,,WERD,https://nsjyyivbpyexqvywymaz.supabase.co/storage/v1/object/public/caftan-images/products/80ld1954zlc.jpeg,1,42,#FFFFFF,19900.00
b028c5dc-6948-460d-9ff2-4613ae42a76f,8ec498a5-6515-4c9f-9ff9-7d66f1d2dd0c,ae637e07-2c9a-4a97-af69-49d67bbe91a8,,"CEINTURES DORÉES ",https://nsjyyivbpyexqvywymaz.supabase.co/storage/v1/object/public/caftan-images/products/g361a0vmyra.jpeg,1,Modèle 7,,950.00
bb633f2a-d207-45ed-925b-4610ce256f31,5f639344-49b1-477c-a7c9-ac1615d7156f,2700725c-5e98-43c0-b5b0-f148cc9ed33a,,HAREER,https://nsjyyivbpyexqvywymaz.supabase.co/storage/v1/object/public/caftan-images/products/rh3y9wgkpo8.jpeg,1,40,Ivoire,16900.00
bc11ede2-f9d7-4d49-8f8f-7659d6a903d1,e2b3a69f-f8a4-4096-a492-85c2445f3cc6,53bb0e71-69f4-4a3d-acb1-cafd7c81f52c,,RYM,https://nsjyyivbpyexqvywymaz.supabase.co/storage/v1/object/public/caftan-images/products/a3y5rcgtch.jpeg,1,36,Beige,13900.00
ca5ce32c-c260-427e-862a-7d2d7ffc19b2,bb73b104-c0bd-4a9f-86e8-bcaf063c58bd,648a1268-d0c5-4fac-adfb-2c1d3ed63d88,,WERD,https://nsjyyivbpyexqvywymaz.supabase.co/storage/v1/object/public/caftan-images/products/f8yqvowb0ik.jpeg,1,40,Blanc,19900.00
ca98699d-ac2f-46a0-b546-c28ad2b15042,b1e86766-56f4-4343-9211-1b8eddd8165c,fe9f3569-a28e-4962-97d7-683e8728061a,,"CEINTURES ARGENTÉES ",https://nsjyyivbpyexqvywymaz.supabase.co/storage/v1/object/public/caftan-images/products/whavag99i78.jpeg,1,Modèle 3,,2800.00
ce8ed46e-b289-4cc4-8203-a6e34841698c,02a52328-c5be-4d43-b9c0-dee925b2dac8,648a1268-d0c5-4fac-adfb-2c1d3ed63d88,,WERD,https://nsjyyivbpyexqvywymaz.supabase.co/storage/v1/object/public/caftan-images/products/f8yqvowb0ik.jpeg,1,38,Ivoire,19900.00
ce9bb67f-e99e-40c4-91df-5c8a6b0764a6,13a3d41f-2832-4f75-b9a7-f5e9e665bcfc,f269bfe5-55b6-48f1-bd58-e83869d14d81,,GHARAM,https://nsjyyivbpyexqvywymaz.supabase.co/storage/v1/object/public/caftan-images/products/8pw9xgbofxx.jpeg,1,44,Ivoire,16900.00
d3cc4a34-5838-46dc-9ddc-4056320ca56a,81337851-4cc0-4557-b348-d999b396a5ba,f269bfe5-55b6-48f1-bd58-e83869d14d81,,GHARAM,https://nsjyyivbpyexqvywymaz.supabase.co/storage/v1/object/public/caftan-images/products/8pw9xgbofxx.jpeg,1,38,Ivoire,16900.00
d572406a-3200-4085-bd83-ff6f960d47c9,03d2145b-b14d-42a5-be5f-84e90fd95e2d,811fe3e6-20cf-471f-a45d-4b3d142528f7,,LORA,https://nsjyyivbpyexqvywymaz.supabase.co/storage/v1/object/public/caftan-images/products/742f35aqtfw.jpeg,1,,,2500.00
d5ef3574-1e3b-4d48-a483-e85379ff698a,09405676-31a1-4e89-9ea5-82f4178fa8e6,f269bfe5-55b6-48f1-bd58-e83869d14d81,,GHARAM,https://nsjyyivbpyexqvywymaz.supabase.co/storage/v1/object/public/caftan-images/products/8pw9xgbofxx.jpeg,1,40,Blanc,16900.00
dd7990f1-6f05-4505-a287-5ed85381429a,3cbf3f8f-a061-494c-af0e-8da30a6657ff,e37e3fbd-a832-4c44-b2e1-eddd23f795b9,,DIAMANTINA,https://nsjyyivbpyexqvywymaz.supabase.co/storage/v1/object/public/caftan-images/products/zuf1iujn2eg.jpeg,1,40,,19900.00
ddbd8ac1-933a-4a4b-85f0-1e35a728aaa9,b5fddb8b-b17d-4c75-a8ac-83a509b1126d,,383c17fe-78a0-4fba-973a-314de01f7c79,CAFTAN BRIDAL,https://nsjyyivbpyexqvywymaz.supabase.co/storage/v1/object/public/caftan-images/packs/c9v8yersi2d.jpeg,1,,,23200.00
ddef84a1-ba0b-4914-ae59-774759c1ea5b,6ee35a6a-e355-4783-ac24-67117a8638bc,4d73c702-3405-4827-9966-ab564134c71b,,LOVE,https://nsjyyivbpyexqvywymaz.supabase.co/storage/v1/object/public/caftan-images/products/f6x92lvlpcg.jpeg,1,38,Ivoire,17900.00
de4fd54c-c189-4389-9bb8-6335e71960bc,87b93cc0-9b97-49ff-bf2f-b3f85713030c,4d73c702-3405-4827-9966-ab564134c71b,,LOVE,https://nsjyyivbpyexqvywymaz.supabase.co/storage/v1/object/public/caftan-images/products/f6x92lvlpcg.jpeg,1,38,Ivoire,17900.00
e1b02c83-c267-4ca7-8d5c-60dae2232f5e,c3467903-fadc-49fb-ac4b-1fedb0c7a51c,ae637e07-2c9a-4a97-af69-49d67bbe91a8,,"CEINTURES DORÉES ",https://nsjyyivbpyexqvywymaz.supabase.co/storage/v1/object/public/caftan-images/products/g361a0vmyra.jpeg,1,Modèle 4,,950.00
e2457d8b-a7ec-4329-ab7f-37296bac9776,e9fef9f9-c925-40a6-87b1-00cc9d9458f3,fbe0e28d-9f94-4c57-82bb-452d3bbb274d,,FIROUS,https://nsjyyivbpyexqvywymaz.supabase.co/storage/v1/object/public/caftan-images/products/e7yrfgkvyug.jpeg,1,,,2500.00
e2ad44a0-b4de-48ac-ad08-e6e33029be1f,6a7c2caa-ccbb-4ad6-9673-fd99cb93be9e,,38d5f547-8ac4-440f-9b91-e0224c8ce388,CAFTAN BRIDAL,https://nsjyyivbpyexqvywymaz.supabase.co/storage/v1/object/public/caftan-images/packs/gnu8gvsh1j.jpeg,1,,,18700.00
e7b28aac-d613-4e27-8023-d15e1b2f9f02,00184baa-e5f3-4a47-8051-a0eebeaa5ac1,648a1268-d0c5-4fac-adfb-2c1d3ed63d88,,WERD,https://nsjyyivbpyexqvywymaz.supabase.co/storage/v1/object/public/caftan-images/products/f8yqvowb0ik.jpeg,1,44,Blanc,19900.00
e8db8b30-9186-431e-ab30-a7f8c76fc2b6,827f6ead-f952-485f-9241-b9468e72a984,e37e3fbd-a832-4c44-b2e1-eddd23f795b9,,DIAMANTINA,https://nsjyyivbpyexqvywymaz.supabase.co/storage/v1/object/public/caftan-images/products/zuf1iujn2eg.jpeg,1,38,,19900.00
e97d092c-4855-4a26-b1fc-593044f09a9c,f468f160-782e-4801-81af-a61ffdfcf21b,f269bfe5-55b6-48f1-bd58-e83869d14d81,,GHARAM,https://nsjyyivbpyexqvywymaz.supabase.co/storage/v1/object/public/caftan-images/products/8pw9xgbofxx.jpeg,1,42,Ivoire,16900.00
e9a722a3-8a22-49d5-b0bf-37f7caeec547,a70f4d05-0700-4c1d-86c5-f1d4b9ca04b6,53bb0e71-69f4-4a3d-acb1-cafd7c81f52c,,RYM,https://nsjyyivbpyexqvywymaz.supabase.co/storage/v1/object/public/caftan-images/products/a3y5rcgtch.jpeg,1,42,Blanc,13900.00
eb0af3eb-2b58-4575-9efc-78175815c841,c0d41109-508d-4a08-8a56-7fc07821b972,648a1268-d0c5-4fac-adfb-2c1d3ed63d88,,WERD,https://nsjyyivbpyexqvywymaz.supabase.co/storage/v1/object/public/caftan-images/products/f8yqvowb0ik.jpeg,1,38,Ivoire,19900.00
ec355acc-a868-415d-a823-e0479d2cc5a6,96984324-d987-490e-8130-7547f438ce9d,648a1268-d0c5-4fac-adfb-2c1d3ed63d88,,WERD,https://nsjyyivbpyexqvywymaz.supabase.co/storage/v1/object/public/caftan-images/products/f8yqvowb0ik.jpeg,1,44,Blanc,19900.00
ee407913-7f15-4447-9b85-4a78cb230079,05bf2d70-88d2-4077-90c2-ee92a947922b,ae637e07-2c9a-4a97-af69-49d67bbe91a8,,"CEINTURES DORÉES ",https://nsjyyivbpyexqvywymaz.supabase.co/storage/v1/object/public/caftan-images/products/g361a0vmyra.jpeg,1,Modèle 4,,1200.00
ef9e9904-8936-4242-9709-be2a1f7bb611,e9fef9f9-c925-40a6-87b1-00cc9d9458f3,ae637e07-2c9a-4a97-af69-49d67bbe91a8,,"CEINTURES DORÉES ",https://nsjyyivbpyexqvywymaz.supabase.co/storage/v1/object/public/caftan-images/products/g361a0vmyra.jpeg,1,Modèle 6,,950.00
f0177b93-bc14-43d4-83d6-7cc186544129,3aa8bfde-a07d-431f-8673-9199c4f0b542,648a1268-d0c5-4fac-adfb-2c1d3ed63d88,,WERD,https://nsjyyivbpyexqvywymaz.supabase.co/storage/v1/object/public/caftan-images/products/f8yqvowb0ik.jpeg,1,46,Ivoire,19900.00
f8f6256c-0c8a-4fb5-bf59-33667d8a3102,6a7c2caa-ccbb-4ad6-9673-fd99cb93be9e,fbe0e28d-9f94-4c57-82bb-452d3bbb274d,,FIROUS,https://nsjyyivbpyexqvywymaz.supabase.co/storage/v1/object/public/caftan-images/products/e7yrfgkvyug.jpeg,1,,,2500.00
fe4c737b-ef35-4e6f-a7c0-12b07bd9ae98,ccfecd19-241a-43b5-8991-e0e894ed5b9f,4d73c702-3405-4827-9966-ab564134c71b,,LOVE,https://nsjyyivbpyexqvywymaz.supabase.co/storage/v1/object/public/caftan-images/products/f6x92lvlpcg.jpeg,1,36,Ivoire,17900.00